site,residue_count,heavy_atom_count,heavy_atom_rmsd,structure_path,total_energy
2A,14,125,1.7452606995154891,wt_domain_repacking_unidesign/wt_repacked_ala_2A.pdb,2185.018049
62A,16,132,1.323712166866337,wt_domain_repacking_unidesign/wt_repacked_ala_62A.pdb,2054.476269
78A,19,159,1.9477724124106526,wt_domain_repacking_unidesign/wt_repacked_ala_78A.pdb,2102.993628
139A,17,136,0.8863867467974923,wt_domain_repacking_unidesign/wt_repacked_ala_139A.pdb,2009.674589
151A,19,145,0.9996465431700978,wt_domain_repacking_unidesign/wt_repacked_ala_151A.pdb,2004.758266
195A,21,175,1.0805148135849734,wt_domain_repacking_unidesign/wt_repacked_ala_195A.pdb,1996.30354
218A,19,165,1.7471600476264948,wt_domain_repacking_unidesign/wt_repacked_ala_218A.pdb,2250.199435
245A,16,134,0.6368226437932869,wt_domain_repacking_unidesign/wt_repacked_ala_245A.pdb,2060.039868
267A,21,177,1.7659832609552994,wt_domain_repacking_unidesign/wt_repacked_ala_267A.pdb,2141.891978
273A,20,158,0.9461006959908725,wt_domain_repacking_unidesign/wt_repacked_ala_273A.pdb,2063.342418
283A,19,163,1.250623784013572,wt_domain_repacking_unidesign/wt_repacked_ala_283A.pdb,2128.42009
298A,18,150,1.237533768943644,wt_domain_repacking_unidesign/wt_repacked_ala_298A.pdb,2081.313053
312A,16,122,1.5398485934633543,wt_domain_repacking_unidesign/wt_repacked_ala_312A.pdb,2010.238972
344A,23,188,1.44243369380788,wt_domain_repacking_unidesign/wt_repacked_ala_344A.pdb,2158.621084
345A,23,193,1.016571666534313,wt_domain_repacking_unidesign/wt_repacked_ala_345A.pdb,1995.524955
355A,18,137,0.6335417470943049,wt_domain_repacking_unidesign/wt_repacked_ala_355A.pdb,2016.908731
375A,20,163,0.9824408941424763,wt_domain_repacking_unidesign/wt_repacked_ala_375A.pdb,2030.16824
379A,14,127,0.9395221989141428,wt_domain_repacking_unidesign/wt_repacked_ala_379A.pdb,2035.999361
390A,23,177,1.4669771540518313,wt_domain_repacking_unidesign/wt_repacked_ala_390A.pdb,2093.589861
392A,13,105,1.3144525309793553,wt_domain_repacking_unidesign/wt_repacked_ala_392A.pdb,2041.726983
409A,22,173,1.3989836257246835,wt_domain_repacking_unidesign/wt_repacked_ala_409A.pdb,2021.715859
416A,19,158,1.1465755298485094,wt_domain_repacking_unidesign/wt_repacked_ala_416A.pdb,2099.141703
