mutation	total	delta_total	physical	delta_physical	binding	delta_binding
A	-8733.309192	4.394165	-8733.309192	4.394165	0.000000	0.000000
C	-8731.061850	6.641507	-8731.061850	6.641507	0.000000	0.000000
D	-8729.774159	7.929198	-8729.774159	7.929198	0.000000	0.000000
E	-8733.207610	4.495747	-8733.207610	4.495747	0.000000	0.000000
F	-8726.901667	10.801690	-8726.901667	10.801690	0.000000	0.000000
G	-8731.691674	6.011683	-8731.691674	6.011683	0.000000	0.000000
H	-8733.678358	4.024999	-8733.678358	4.024999	0.000000	0.000000
I	-8729.250497	8.452860	-8729.250497	8.452860	0.000000	0.000000
K	-8734.647854	3.055503	-8734.647854	3.055503	0.000000	0.000000
L	-8728.947130	8.756227	-8728.947130	8.756227	0.000000	0.000000
M	-8730.918415	6.784942	-8730.918415	6.784942	0.000000	0.000000
N	-8728.852778	8.850579	-8728.852778	8.850579	0.000000	0.000000
P	-8734.894570	2.808787	-8734.894570	2.808787	0.000000	0.000000
Q	-8731.882123	5.821234	-8731.882123	5.821234	0.000000	0.000000
S	-8735.105925	2.597432	-8735.105925	2.597432	0.000000	0.000000
T	-8733.697314	4.006043	-8733.697314	4.006043	0.000000	0.000000
V	-8730.066631	7.636726	-8730.066631	7.636726	0.000000	0.000000
W	-8728.663814	9.039543	-8728.663814	9.039543	0.000000	0.000000
Y	-8728.061829	9.641528	-8728.061829	9.641528	0.000000	0.000000
