chain	position	self_energy	binding_energy
A	39	-6.740510	0.000000
A	40	-1.662743	0.000000
A	45	-6.434407	0.000000
A	47	-4.547745	0.000000
A	48	-2.127156	0.000000
A	54	-6.750388	0.000000
A	78	-2.805324	0.000000
A	79	-12.890785	0.000000
A	80	-1.351709	0.000000
A	81	-8.152952	0.000000
A	113	-7.404835	0.000000
A	114	-2.309543	0.000000
A	115	-5.109700	0.000000
A	116	-5.605121	0.000000
A	117	-3.909331	0.000000
A	118	-1.092530	0.000000
A	159	-1.695193	0.000000
A	160	-7.970866	0.000000
A	161	-0.137490	0.000000
A	162	-4.977976	0.000000
A	203	-1.017478	0.000000
A	205	-2.398894	0.000000
A	206	-8.111394	0.000000
A	207	28.870566	0.000000
A	208	-1.047609	0.000000
A	209	-0.765585	0.000000
A	214	-0.451533	0.000000
A	241	-1.415263	0.000000
A	243	-4.032105	0.000000
A	246	-2.899061	0.000000
A	249	-4.007181	0.000000
A	270	-1.300877	0.000000
A	272	-0.693003	0.000000
A	274	-2.693156	0.000000
A	282	0.935822	0.000000
A	284	0.342445	0.000000
A	313	-4.825322	0.000000
A	314	1.420702	0.000000
A	315	-8.614206	0.000000
A	316	0.981632	0.000000
A	318	1.243865	0.000000
A	319	-0.226118	0.000000
B	45	-6.315553	0.000000
B	47	-4.121159	0.000000
B	48	-1.292827	0.000000
B	49	1.020225	0.000000
B	54	-5.662170	0.000000
B	208	-4.568560	0.000000
B	282	-0.602193	0.000000
B	284	0.312098	0.000000
B	316	-0.765945	0.000000
B	318	1.222668	0.000000
B	319	-8.282927	0.000000
X	1	-0.733626	-0.733626
